{
    "train_mse": 8034.754494983258,
    "test_mse": 4046.407621660758,
    "train_mae": 86.28849753565954,
    "test_mae": 63.55394138555148,
    "train_accuracy": 0.0,
    "test_accuracy": 0.0,
    "train_r2": -12.637232447366014,
    "test_r2": -553.9033664372373
}